Horizon,LPS,MAE,RMSE
1,2.5701719322806023,48.19911136616524,62.25256526527218
2,2.2320108935877694,68.20592251497676,95.80595630670771
3,1.8136819024401434,132.6449732701324,185.38106110648837
4,1.6040046243736839,178.94796885369936,240.1756849666665
5,1.3906753318006377,229.04392562502863,282.9366978901698
6,0.9786807747695249,315.50539680825096,364.3189194169979
7,0.43267151764669365,411.7351381083152,467.4887867957988
8,0.16176028597617034,444.64363674002635,519.2493474077083
9,-0.1906806480880822,508.7257991598842,614.8513584749807
10,-0.3585866583376137,526.9069294687331,678.1191618618118
11,-0.10956394340216631,541.9635511485833,703.2099411470117
12,0.07598683828164754,495.9731905963748,700.4043127665578
13,0.017949664688738872,534.7626393806685,772.111421820081
14,0.4632785639714124,483.7761116254415,682.99589178993
15,0.6525371736674954,475.5992523288651,630.298673549535
16,1.0430597225493181,385.3660639992407,486.55376053612923
17,1.1223872592912914,356.45483404367917,429.6410824157266
18,1.1952041768660338,318.30876186625727,366.03091389951635
19,1.3113715332774605,248.04116568248244,296.7235470696483
20,1.3589753583283055,217.58519566472967,258.46878714166866
21,1.4140975996278382,187.6591092466286,227.23632079820584
22,1.4102228477266412,175.18177955756127,216.24034549854252
23,1.3974300329251406,163.7167576544545,204.36569358862286
24,1.407685705685065,139.01756214683112,185.79037617030247
25,1.403705808437951,142.95770771541822,185.83198380954892
26,1.3578872586433894,164.26203296850585,216.43108810964068
27,1.2765088828940838,215.69459054418755,286.18212018191025
28,1.1688665222560748,297.7501450449872,374.3211370506603
29,1.0566807126438482,348.56042553055613,431.12976227240415
30,1.0610911935128602,357.8441951988976,422.10958961373836
31,0.8336921300008547,406.78198241194985,488.820895472152
32,0.8016886329765195,408.8278545100908,513.9575088621469
33,0.6840665560848014,443.56394898736835,568.0040409274109
34,0.47487474122699286,503.4913621765525,652.2615920495816
35,0.2695394094266528,585.9827576165294,756.7312680322369
36,0.29203214149581164,594.8646166428241,784.1989237246187
37,0.5200938998251424,565.7605500576199,821.3765811727948
38,0.6693068087944006,507.0688625283035,788.7764803817702
39,0.7909746880879653,443.33812382688626,670.6589406391385
40,0.9351555560845706,372.96845133426814,562.1519398330308
41,1.0453244877441634,346.1979940151146,476.8278133677306
42,1.150548427352554,299.8699710012221,396.86276451534167
43,1.2313322366516344,247.23046061463842,321.2506532693221
44,1.3352774876027316,189.49484567535174,256.5349209229143
45,1.4077808632646298,152.1529222859262,207.24613641347645
46,1.4112928944504999,148.8751004387394,190.53880661917836
47,1.3966637186016564,141.7943984658578,183.05116963824702
48,1.3750356807529232,145.02761654203422,184.8841346410423
49,1.37766378357803,138.26908320690947,181.43386286567085
50,1.3623347631233227,156.59556362138787,198.002279609864
51,1.241636053486156,207.25532225498094,280.3956608456878
52,1.1176229643054614,280.61009815645383,383.6924264430079
53,0.9831856584287408,335.14651401599116,469.2583173694327
54,0.9386515236873235,341.2006750518678,484.7473820637894
55,0.9091050681372702,363.20896190616475,485.64640825025685
56,0.8660693642843723,388.13894011299726,497.40362299180543
57,0.7435961915781345,428.8762789981666,545.4335261718577
58,0.5786067254520713,496.5659185884429,633.2596125918997
59,0.5410923444157063,539.8272234333839,675.0612992965322
60,0.5743125141680125,528.5696442599175,670.7231801269656
61,0.7018968771985146,501.5833488813121,651.2832035103831
62,0.9298476411402062,457.1234099998008,611.9354049765893
63,1.0219825129693019,427.2769899135231,597.9552988419737
64,1.08819793431487,382.31662073487627,567.6132390740287
65,1.1409224130517255,332.5289874047874,482.24149902379713
66,1.2043110680702191,291.0467780747336,386.41551781964387
67,1.2609660012987276,238.92560150164485,304.460390592361
68,1.3360364172625052,186.72553902574816,233.31119790453695
69,1.3822682826274442,155.58539611303542,195.88918657946476
70,1.3861030419530669,142.73233915548994,177.8500089923092
71,1.3780254988192107,132.35294636905934,164.4002623161635
72,1.3522444683692585,136.1259720408091,169.04674567792844
73,1.324037642667249,150.19538342099673,181.59352570632714
74,1.266187041088231,168.44533861722738,216.9042393508921
75,1.1597301379318483,237.9839285776321,321.1253752203976
76,1.067273282775993,289.19995140044426,416.62057362931404
77,1.0167561906800295,320.63382499586965,439.41610525348636
78,0.7932522409401238,406.10245222447367,528.7689999186169
79,0.5681881643628531,461.96751337390117,585.1071696677217
80,0.4167370233728716,503.52369885519516,656.1164526696064
81,0.2767326877336645,544.834076537639,667.1516842882806
82,0.17945269027594135,579.6225934605957,714.5513838548886
83,0.25498623635308315,561.080269859364,705.214764634753
84,0.3282921778028772,559.8996418554924,699.1795165654252
85,0.4950934358371363,501.6730899704611,673.4204877362921
86,0.7401285488987049,425.16784122021494,628.3003382105518
87,0.862254287410122,401.76640218510016,618.7971493637338
88,0.8879589537086624,398.3061023285893,614.2249051528551
89,0.9116018712280881,411.2641003372101,558.5286101835014
90,0.9956459925800986,371.46820128104616,471.40903260871784
91,1.089087846436097,311.2561822107167,385.3268954924466
92,1.2066720302376333,247.83255548711753,302.50593749614154
93,1.2700108713646523,217.17394909663022,267.20764457417914
94,1.2586461517629728,214.21864729813223,260.83587909324007
95,1.207205246969473,226.9970357189614,268.88123052261807
96,1.1766210557643502,219.4582116157104,266.50769544438833
97,1.135879876214003,228.4736049091499,274.3027858637725
98,1.1466807933462033,238.88043465172007,274.794341532019
99,1.0733630626607635,284.83780252996917,341.59197746334087
100,0.9981666379396296,337.61754729146907,409.5002441334529
101,0.8567571545664153,410.2515571053118,477.40246072741735
102,0.7606152963786144,427.65635854609377,501.0118679664408
103,0.666938417822464,453.84129682399964,538.71943902236
104,0.5983492854050462,484.96068789045535,576.5861336143602
105,0.3697663767064058,564.2769056074343,678.3505253855768
106,0.36938669470302293,576.4868924745599,679.7705769550989
107,0.41179211735281107,580.9052746088354,685.8857656946063
108,0.35193751288967035,612.8891275228066,752.8894277628299
109,0.3522240750589246,585.7580570713277,811.6788174032242
110,0.49396711848126507,553.5410914157884,812.1637251157567
111,0.6571031684365072,550.4823610569678,796.6123010383553
112,0.7612328727386721,496.5181346755207,717.0834334120801
113,0.8410881281857361,463.27215704651667,642.594338358166
114,0.9183594952443194,412.8301098567577,547.3470249766912
115,1.05231477998346,333.0941135464784,432.4202229547243
116,1.1464726853887177,278.1524343342229,352.44884695658885
117,1.2211451479790847,232.7542080563984,302.2497525227543
118,1.2479681192946699,196.5846139107903,258.95300157487793
119,1.1927198880057084,199.8816130208984,264.3993251630497
120,1.1301549745828312,209.3674092069335,270.6826105947354
121,1.1016475261682925,217.32816200507472,276.14294294056117
122,1.082257809127198,251.1581377469445,297.58488804133265
123,1.0012174880226226,305.8458347807728,384.87304398216264
124,0.9150108829350359,381.0649540634177,479.46964853637775
125,0.7326355021460333,479.6740580398871,598.0831308931407
126,0.644356106729913,513.3001170178748,625.331111938114
127,0.530418253430463,546.8702738616602,639.5203380208035
128,0.49999565367065174,510.15894932404655,629.0703471005544
129,0.49256784559034955,496.70443869263426,596.354236597161
130,0.5010106023700427,500.7867918846662,591.1229386770052
131,0.5785005054474757,458.71771873913156,575.1790299852087
132,0.6447960128311768,449.7876641479265,576.5653044993946
133,0.7798119386814883,437.3500755839587,535.5152042287779
134,0.8637004470258968,418.4381119329007,526.3501157674917
135,0.905832796092481,410.2952275270572,506.48905156323826
136,0.969904826317203,370.23133001719395,472.36758845096523
137,1.0444407465970513,339.14459546969226,417.7764162258498
138,1.0902486906164357,298.03511963201873,366.252565395695
139,1.169617532586451,247.702193735238,310.68618417424517
140,1.2273724286178678,206.2503810878242,253.7767898757842
141,1.29646986053834,182.4833161198439,221.2790311557099
142,1.2718955073156308,182.0322443908744,215.37587322426788
143,1.2328019202507923,184.16795122704065,219.0356586881723
144,1.1720214896182408,201.51806242569492,234.5050969056318
145,1.179367286517523,193.46684644171617,225.12613269806099
146,1.1512124021248376,207.619629218678,248.65240074669128
147,1.0890669142869827,242.7790326047874,304.2425832040307
148,0.9699019341743483,306.84737783534,383.60448868466784
149,0.9217655347954513,343.96494851854527,405.13356880144994
150,0.7958376882247266,391.692467175085,472.1090972500125
151,0.7384015585314395,417.7987769263782,503.08197790600855
152,0.7443919782984397,388.84206396391045,505.8875890427326
153,0.6920564439500934,398.42105363723687,524.7784235425815
154,0.6364265596664277,405.3614268900828,516.3592746356702
155,0.5760473231539917,412.3193972330474,542.6112008223769
156,0.5882061381758716,409.7200754484675,547.7767196776997
157,0.6600052404944613,423.64558737558485,561.9108318400805
158,0.8138623492367985,388.56876679508434,520.9985413396633
159,0.9270711480210139,361.0063453997979,507.25777294187856
160,0.9707680278217711,342.4861386958067,492.1462522213767
161,1.0002799795095827,325.72461703159485,442.9785218794755
162,1.0700295931441228,284.7465500179206,374.79052489392853
163,1.1508345931225417,230.28610260749016,300.93298325845666
164,1.2014693986877283,208.3862474175702,262.2158179722721
165,1.267409144238114,186.22481988955744,231.3306363293421
166,1.2496252607172755,187.24489150854328,220.84145464786565
167,1.2229209712873574,173.46197913511406,206.75552855047843
168,1.182248631820361,176.61184385247142,215.59744025100593
