Season,Hour_of_week,Pre_COVID,COVID,Difference
Summer,0,4483.196,4431.645833333333,-51.55016666666688
Summer,1,4120.8318461538465,4132.420833333333,11.58898717948614
Summer,2,3877.9903076923083,3890.3541666666665,12.363858974358209
Summer,3,3742.1856923076916,3758.169166666667,15.9834743589754
Summer,4,3771.097384615383,3776.4950000000003,5.397615384617438
Summer,5,4023.1769230769214,4032.0149999999994,8.838076923078006
Summer,6,4530.002923076923,4474.028333333333,-55.97458974359051
Summer,7,5038.726307692308,4848.360833333333,-190.365474358975
Summer,8,5067.521230769229,4785.55,-281.9712307692289
Summer,9,5124.101384615385,4709.479166666666,-414.62221794871857
Summer,10,5162.03076923077,4648.879166666666,-513.151602564104
Summer,11,5218.8710769230765,4630.315,-588.556076923077
Summer,12,5265.227076923075,4700.815,-564.4120769230758
Summer,13,5345.677692307693,4752.870833333333,-592.8068589743598
Summer,14,5474.57876923077,4832.47,-642.1087692307701
Summer,15,5600.191230769232,4940.2908333333335,-659.9003974358984
Summer,16,5772.438615384614,5218.2275,-554.2111153846145
Summer,17,5874.311846153845,5481.4141666666665,-392.8976794871787
Summer,18,5753.623999999998,5575.520833333333,-178.10316666666495
Summer,19,5513.439384615385,5537.679999999999,24.240615384614102
Summer,20,5324.727076923079,5404.715833333332,79.98875641025279
Summer,21,5061.3679999999995,5116.5216666666665,55.15366666666705
Summer,22,4641.561846153846,4735.2825,93.72065384615416
Summer,23,4443.459999999999,4477.544999999999,34.085000000000036
Summer,24,4646.533076923076,4622.016923076923,-24.51615384615252
Summer,25,4251.707846153846,4285.793076923076,34.08523076923029
Summer,26,4005.75076923077,4026.0999999999995,20.349230769229507
Summer,27,3858.319538461539,3881.7746153846156,23.455076923076376
Summer,28,3884.8323076923084,3900.5376923076915,15.705384615383082
Summer,29,4125.839538461539,4124.351538461539,-1.4879999999993743
Summer,30,4631.965846153847,4544.054615384615,-87.91123076923213
Summer,31,5124.960461538464,4902.3492307692295,-222.61123076923468
Summer,32,5121.670461538461,4799.95,-321.72046153846077
Summer,33,5153.925692307692,4662.03,-491.8956923076921
Summer,34,5170.376615384615,4540.356923076923,-630.0196923076928
Summer,35,5226.584307692308,4498.217692307693,-728.3666153846152
Summer,36,5270.141230769229,4447.485384615384,-822.6558461538452
Summer,37,5354.618923076922,4380.071538461539,-974.5473846153836
Summer,38,5473.927384615384,4384.237692307694,-1089.6896923076902
Summer,39,5588.790461538462,4470.046923076924,-1118.7435384615383
Summer,40,5811.408923076924,4716.473076923077,-1094.9358461538468
Summer,41,5891.894153846152,5006.376153846154,-885.5179999999982
Summer,42,5778.054769230769,5148.192307692308,-629.8624615384615
Summer,43,5555.978461538459,5153.995384615385,-401.9830769230739
Summer,44,5360.678153846153,5087.241538461539,-273.436615384614
Summer,45,5105.554769230768,4865.3976923076925,-240.1570769230757
Summer,46,4683.525076923078,4540.081538461538,-143.4435384615399
Summer,47,4481.119846153847,4369.8523076923075,-111.26753846153952
Summer,48,4664.960937500002,4521.943846153846,-143.01709134615612
Summer,49,4274.628906250001,4226.082307692309,-48.54659855769205
Summer,50,4020.554218750001,3978.681538461538,-41.872680288463016
Summer,51,3870.4296874999995,3850.993846153847,-19.435841346152756
Summer,52,3897.2220312499994,3894.662307692308,-2.559723557691541
Summer,53,4143.511406250001,4121.558461538461,-21.952944711539203
Summer,54,4656.134531249999,4583.445384615385,-72.68914663461419
Summer,55,5143.941093750001,4913.375384615384,-230.56570913461655
Summer,56,5145.371093749998,4692.051538461538,-453.3195552884599
Summer,57,5167.296249999999,4466.96846153846,-700.3277884615391
Summer,58,5205.0903124999995,4238.78,-966.3103124999998
Summer,59,5273.654687499998,4142.024615384616,-1131.630072115382
Summer,60,5337.402968750001,4182.505384615384,-1154.8975841346164
Summer,61,5446.83546875,4234.633076923076,-1212.2023918269233
Summer,62,5572.542500000001,4395.946153846154,-1176.5963461538477
Summer,63,5745.019531249999,4567.279230769231,-1177.7403004807684
Summer,64,5958.343124999999,4873.865384615384,-1084.4777403846156
Summer,65,6046.992499999999,5260.917692307693,-786.0748076923064
Summer,66,5941.512968749999,5435.049230769232,-506.4637379807673
Summer,67,5752.6107812499995,5411.3538461538465,-341.25693509615303
Summer,68,5555.940156249999,5299.389999999999,-256.5501562499994
Summer,69,5294.217187499999,5027.755384615384,-266.4618028846153
Summer,70,4836.973593750001,4679.278461538461,-157.6951322115401
Summer,71,4598.5121874999995,4478.076153846154,-120.4360336538457
Summer,72,4768.9076562499995,4617.8530769230765,-151.05457932692298
Summer,73,4355.667187499999,4298.652307692308,-57.014879807691614
Summer,74,4102.82359375,4067.787692307692,-35.035901442308386
Summer,75,3962.4609375,3918.148461538461,-44.312475961538894
Summer,76,3985.4,3942.88,-42.51999999999998
Summer,77,4216.7446875,4182.430769230768,-34.31391826923118
Summer,78,4725.226718749998,4611.032307692308,-114.19441105769056
Summer,79,5241.591875,4936.129230769231,-305.462644230769
Summer,80,5267.3446875,4744.668461538462,-522.676225961538
Summer,81,5328.514531250001,4576.616923076923,-751.897608173078
Summer,82,5355.926406249999,4414.714615384615,-941.2117908653836
Summer,83,5420.445156250001,4428.377692307692,-992.0674639423087
Summer,84,5486.034531250001,4440.2323076923085,-1045.8022235576927
Summer,85,5584.339218749998,4484.657692307692,-1099.6815264423058
Summer,86,5709.899531249998,4598.01,-1111.889531249998
Summer,87,5842.726249999999,4834.701538461539,-1008.02471153846
Summer,88,6047.762187500001,5151.793846153845,-895.9683413461562
Summer,89,6157.30234375,5440.7284615384615,-716.5738822115381
Summer,90,6070.039374999997,5569.824615384616,-500.2147596153809
Summer,91,5866.97453125,5548.426153846154,-318.54837740384573
Summer,92,5681.789218749999,5439.325384615384,-242.46383413461535
Summer,93,5362.884843749999,5120.9800000000005,-241.9048437499987
Summer,94,4894.135625,4712.993076923077,-181.14254807692305
Summer,95,4637.767656249999,4495.193846153847,-142.57381009615256
Summer,96,4791.68734375,4621.630769230769,-170.0565745192307
Summer,97,4376.2603125,4274.470769230769,-101.78954326923031
Summer,98,4116.95265625,4024.8253846153852,-92.12727163461432
Summer,99,3973.13703125,3886.2261538461535,-86.91087740384637
Summer,100,3982.028281249999,3916.258461538462,-65.76981971153691
Summer,101,4209.9284375,4111.049999999999,-98.87843750000047
Summer,102,4714.1609375,4542.900769230769,-171.26016826923114
Summer,103,5235.216874999999,4853.989230769232,-381.2276442307675
Summer,104,5275.620468750002,4719.129999999999,-556.490468750003
Summer,105,5339.944843750001,4620.216923076923,-719.7279206730782
Summer,106,5406.4917187500005,4427.805384615384,-978.6863341346161
Summer,107,5487.549374999998,4361.7715384615385,-1125.7778365384593
Summer,108,5533.742656250001,4274.276153846154,-1259.4665024038477
Summer,109,5594.780937500002,4218.55923076923,-1376.221706730772
Summer,110,5654.417812500001,4293.686923076923,-1360.7308894230773
Summer,111,5736.560468750002,4399.189230769231,-1337.3712379807712
Summer,112,5881.058906249999,4672.484615384615,-1208.5742908653847
Summer,113,5942.792187500002,5014.414615384616,-928.3775721153861
Summer,114,5802.37203125,5199.6023076923075,-602.7697235576925
Summer,115,5607.3364062499995,5241.791538461538,-365.5448677884615
Summer,116,5425.517812500001,5168.358461538461,-257.15935096154044
Summer,117,5157.718437500001,4957.507692307691,-200.21074519230933
Summer,118,4773.010468750002,4638.9784615384615,-134.03200721154008
Summer,119,4561.376249999998,4452.729230769231,-108.647019230767
Summer,120,4718.145230769232,4589.084615384615,-129.06061538461654
Summer,121,4285.308769230771,4252.09076923077,-33.21800000000076
Summer,122,4006.8363076923065,3988.891538461539,-17.944769230767633
Summer,123,3834.7359999999994,3852.5538461538463,17.817846153846858
Summer,124,3799.796769230768,3836.2799999999997,36.483230769231795
Summer,125,3866.56846153846,3900.1284615384616,33.560000000001764
Summer,126,4027.0824615384618,4053.3823076923077,26.29984615384592
Summer,127,4286.5295384615365,4162.925384615384,-123.60415384615226
Summer,128,4403.735384615386,4095.5269230769222,-308.2084615384633
Summer,129,4504.5929230769225,3984.9146153846154,-519.678307692307
Summer,130,4549.386461538462,3946.100769230769,-603.2856923076929
Summer,131,4552.053538461537,3945.0284615384617,-607.0250769230752
Summer,132,4569.973230769231,3876.7915384615385,-693.1816923076926
Summer,133,4570.500000000001,3817.729230769231,-752.7707692307699
Summer,134,4607.507846153845,3825.197692307692,-782.3101538461533
Summer,135,4717.320153846154,3977.556923076923,-739.7632307692315
Summer,136,4907.835076923077,4298.87076923077,-608.9643076923076
Summer,137,5063.558769230766,4653.3538461538465,-410.20492307691984
Summer,138,5081.778923076924,4920.328461538461,-161.45046153846306
Summer,139,4966.475538461539,4977.352307692307,10.876769230767422
Summer,140,4854.009384615384,4900.555384615384,46.54600000000028
Summer,141,4719.3875384615385,4705.965384615385,-13.422153846153378
Summer,142,4443.539230769231,4463.491538461539,19.95230769230784
Summer,143,4318.383692307692,4326.001538461539,7.617846153846585
Summer,144,4520.104307692307,4460.726153846153,-59.37815384615442
Summer,145,4118.922923076922,4167.639230769231,48.716307692308874
Summer,146,3847.2819999999997,3914.926923076923,67.64492307692308
Summer,147,3680.790461538461,3742.7553846153846,61.9649230769237
Summer,148,3626.1806153846155,3704.808461538461,78.62784615384544
Summer,149,3656.6152307692305,3721.1938461538457,64.5786153846152
Summer,150,3742.4738461538464,3803.1692307692306,60.69538461538423
Summer,151,3922.714,3882.7815384615387,-39.93246153846121
Summer,152,3999.028769230769,3809.0569230769233,-189.9718461538455
Summer,153,4108.203538461539,3763.424615384615,-344.778923076924
Summer,154,4188.094769230769,3712.834615384616,-475.2601538461531
Summer,155,4235.636615384615,3688.076153846154,-547.5604615384609
Summer,156,4271.234153846152,3692.856923076923,-578.3772307692293
Summer,157,4316.4516923076935,3662.7507692307695,-653.700923076924
Summer,158,4414.824769230768,3771.767692307692,-643.0570769230758
Summer,159,4580.259538461537,3992.509230769231,-587.7503076923058
Summer,160,4814.1070769230755,4321.088461538462,-493.01861538461344
Summer,161,5050.271846153848,4797.04,-253.23184615384798
Summer,162,5137.417538461537,5093.526923076923,-43.89061538461465
Summer,163,5024.793076923076,5153.566923076924,128.77384615384744
Summer,164,4923.145692307693,5059.085384615385,135.93969230769198
Summer,165,4753.291692307693,4803.8115384615385,50.51984615384572
Summer,166,4420.516615384617,4449.06,28.54338461538373
Summer,167,4264.582461538462,4281.211538461538,16.629076923076354
Autumn,0,4602.923387096775,4594.626956521739,-8.296430575035629
Autumn,1,4222.3570967741925,4292.681304347826,70.32420757363343
Autumn,2,3928.887258064516,4032.9691304347825,104.08187237026641
Autumn,3,3729.490967741937,3829.590869565218,100.09990182328102
Autumn,4,3690.0852459016387,3782.792916666666,92.70767076502716
Autumn,5,3818.0540983606547,3913.8487500000006,95.79465163934583
Autumn,6,4257.319672131149,4337.625833333333,80.30616120218383
Autumn,7,4957.842950819673,4990.708749999999,32.865799180325666
Autumn,8,5275.623114754098,5335.642916666667,60.019801912568255
Autumn,9,5303.542131147541,5334.309166666667,30.767035519125784
Autumn,10,5219.160983606555,5079.1025,-140.05848360655546
Autumn,11,5140.393114754101,4843.095416666668,-297.29769808743276
Autumn,12,5092.6293442622955,4719.403749999999,-373.2255942622969
Autumn,13,5069.0137704918025,4633.608749999999,-435.40502049180304
Autumn,14,5097.454590163935,4656.505833333334,-440.94875683060127
Autumn,15,5129.306885245903,4714.35875,-414.94813524590245
Autumn,16,5268.49344262295,4963.591666666667,-304.901775956283
Autumn,17,5528.244098360655,5429.506249999999,-98.73784836065533
Autumn,18,5795.2778688524595,5915.2475,119.9696311475409
Autumn,19,5757.247868852459,5922.212500000001,164.9646311475417
Autumn,20,5502.765737704915,5624.365833333333,121.60009562841788
Autumn,21,5180.990163934425,5297.170416666667,116.18025273224157
Autumn,22,4818.605409836065,4948.967083333334,130.3616734972693
Autumn,23,4580.572950819673,4662.7074999999995,82.13454918032676
Autumn,24,4811.286774193548,4763.833913043479,-47.45286115006911
Autumn,25,4400.901129032258,4424.642608695652,23.741479663393875
Autumn,26,4085.4046774193557,4130.004347826087,44.59967040673109
Autumn,27,3881.9066129032276,3919.95347826087,38.04686535764222
Autumn,28,3841.9303225806443,3870.960434782608,29.030112201963675
Autumn,29,3996.6469354838714,4007.3104347826093,10.663499298737861
Autumn,30,4486.303387096774,4474.522173913043,-11.78121318373087
Autumn,31,5229.188225806452,5166.604782608696,-62.583443197755514
Autumn,32,5510.789677419352,5452.007391304347,-58.78228611500526
Autumn,33,5491.818064516128,5402.175217391305,-89.64284712482367
Autumn,34,5399.467096774196,5126.7195652173905,-272.74753155680537
Autumn,35,5321.471129032258,4899.512173913043,-421.9589551192157
Autumn,36,5283.973064516132,4742.165652173913,-541.8074123422184
Autumn,37,5290.14677419355,4698.513913043478,-591.6328611500721
Autumn,38,5356.428870967743,4750.291304347827,-606.1375666199165
Autumn,39,5402.745645161292,4825.731304347827,-577.0143408134645
Autumn,40,5543.98370967742,5051.429130434783,-492.5545792426374
Autumn,41,5765.64629032258,5462.1469565217385,-303.49933380084167
Autumn,42,6009.610161290322,5899.264347826088,-110.3458134642342
Autumn,43,5974.1120967741945,5908.120434782608,-65.99166199158662
Autumn,44,5712.640483870968,5609.431739130435,-103.2087447405329
Autumn,45,5377.075161290323,5267.25652173913,-109.81863955119297
Autumn,46,4984.930967741935,4927.973478260869,-56.95748948106575
Autumn,47,4709.692903225807,4635.516956521738,-74.17594670406834
Autumn,48,4893.640967741935,4766.912608695652,-126.728359046283
Autumn,49,4471.281612903228,4438.115217391305,-33.16639551192293
Autumn,50,4145.618870967741,4153.850434782609,8.231563814868423
Autumn,51,3948.3991935483873,3944.7321739130434,-3.667019635343877
Autumn,52,3901.039193548387,3886.9486956521737,-14.090497896213492
Autumn,53,4045.743548387097,4012.3908695652176,-33.35267882187918
Autumn,54,4540.897741935483,4431.869565217391,-109.02817671809225
Autumn,55,5288.91435483871,5130.446521739131,-158.46783309957937
Autumn,56,5563.823709677421,5416.778260869564,-147.0454488078567
Autumn,57,5571.2943548387075,5312.389565217392,-258.9047896213151
Autumn,58,5472.220806451612,4993.8608695652165,-478.3599368863952
Autumn,59,5407.662741935486,4754.78347826087,-652.8792636746166
Autumn,60,5384.5670967741935,4563.850434782608,-820.7166619915852
Autumn,61,5404.966290322581,4552.680434782609,-852.2858555399716
Autumn,62,5477.101129032259,4605.2013043478255,-871.899824684434
Autumn,63,5540.491935483869,4716.563478260871,-823.9284572229981
Autumn,64,5677.23935483871,5007.551304347825,-669.688050490885
Autumn,65,5866.298870967741,5438.535217391303,-427.7636535764377
Autumn,66,6062.639677419356,5907.9256521739135,-154.71402524544283
Autumn,67,5991.852096774195,5924.647826086957,-67.20427068723802
Autumn,68,5732.802903225808,5644.918260869565,-87.8846423562436
Autumn,69,5380.218387096775,5301.621739130435,-78.59664796633933
Autumn,70,4981.013387096774,4978.1178260869565,-2.8955610098173565
Autumn,71,4720.691451612902,4683.740869565217,-36.9505820476852
Autumn,72,4893.908387096775,4798.061739130435,-95.84664796634024
Autumn,73,4465.941612903228,4456.988260869565,-8.953352033662668
Autumn,74,4155.380967741936,4157.603913043477,2.2229453015415856
Autumn,75,3958.518870967742,3958.6178260869556,0.09895511921376965
Autumn,76,3916.1043548387083,3913.1804347826082,-2.923920056100087
Autumn,77,4072.538225806452,4055.914347826088,-16.623877980363886
Autumn,78,4571.981612903223,4483.986086956522,-87.99552594670149
Autumn,79,5310.682258064515,5151.213913043479,-159.46834502103593
Autumn,80,5575.9654838709685,5445.995217391303,-129.97026647966504
Autumn,81,5571.14870967742,5429.500434782608,-141.64827489481195
Autumn,82,5469.743225806451,5133.973043478261,-335.77018232818955
Autumn,83,5390.746451612904,4852.247826086957,-538.4986255259473
Autumn,84,5359.496612903225,4702.464782608695,-657.0318302945298
Autumn,85,5351.700967741935,4678.87695652174,-672.8240112201947
Autumn,86,5414.360483870969,4776.195652173913,-638.1648316970559
Autumn,87,5456.025161290321,4921.956086956522,-534.0690743337991
Autumn,88,5587.751612903226,5179.429565217391,-408.32204768583415
Autumn,89,5775.926290322581,5550.690869565218,-225.2354207573626
Autumn,90,5979.586290322583,5951.570869565217,-28.015420757365973
Autumn,91,5944.948548387095,5952.084347826087,7.135799438991853
Autumn,92,5708.557419354836,5680.910434782609,-27.646984572227666
Autumn,93,5369.66,5351.568260869564,-18.0917391304356
Autumn,94,4977.348064516129,5007.772173913045,30.42410939691581
Autumn,95,4711.2395161290315,4720.445652173914,9.206136044882442
Autumn,96,4911.624354838708,4824.721739130435,-86.90261570827352
Autumn,97,4474.131129032258,4475.955652173913,1.824523141654936
Autumn,98,4162.704999999999,4176.643478260869,13.938478260870397
Autumn,99,3950.4788709677414,3964.468695652173,13.989824684431824
Autumn,100,3914.9985483870964,3918.2078260869566,3.209277699860195
Autumn,101,4054.0096774193553,4039.170434782608,-14.839242636747258
Autumn,102,4502.5327419354835,4438.372173913043,-64.1605680224402
Autumn,103,5196.151451612902,5056.783478260871,-139.36797335203119
Autumn,104,5453.189193548386,5332.36,-120.82919354838668
Autumn,105,5447.344516129031,5252.411739130434,-194.93277699859664
Autumn,106,5360.442903225806,4937.865652173912,-422.57725105189365
Autumn,107,5297.721774193548,4676.459565217392,-621.2622089761562
Autumn,108,5267.834193548386,4601.441739130434,-666.3924544179517
Autumn,109,5262.635,4570.652173913044,-691.9828260869563
Autumn,110,5316.419838709677,4586.89347826087,-729.5263604488064
Autumn,111,5351.057096774194,4691.96304347826,-659.0940532959339
Autumn,112,5457.40693548387,4965.089565217391,-492.317370266479
Autumn,113,5630.79112903226,5385.460869565219,-245.3302594670413
Autumn,114,5799.439193548389,5802.2,2.7608064516107333
Autumn,115,5745.020806451615,5805.851304347825,60.830497896210545
Autumn,116,5514.654516129031,5527.795217391305,13.140701262273979
Autumn,117,5211.098064516129,5212.588695652173,1.490631136043703
Autumn,118,4883.006129032257,4921.821304347826,38.81517531556892
Autumn,119,4689.944838709677,4678.268695652174,-11.676143057503396
Autumn,120,4878.138360655737,4780.451739130434,-97.68662152530305
Autumn,121,4435.095409836066,4382.572608695652,-52.52280114041423
Autumn,122,4094.934098360656,4070.043478260869,-24.890620099787157
Autumn,123,3862.6660655737705,3833.048260869565,-29.617804704205355
Autumn,124,3773.2521311475416,3741.7234782608693,-31.528652886672262
Autumn,125,3796.9522950819673,3749.5547826086968,-47.39751247327058
Autumn,126,3982.1419672131146,3919.0782608695654,-63.063706343549256
Autumn,127,4292.485737704918,4221.520434782608,-70.96530292231
Autumn,128,4496.721639344266,4385.805217391305,-110.91642195296117
Autumn,129,4652.427868852458,4440.292608695651,-212.1352601568069
Autumn,130,4631.731967213114,4246.968695652174,-384.76327156094067
Autumn,131,4545.612622950821,4076.7739130434784,-468.8387099073425
Autumn,132,4487.63704918033,3925.699565217392,-561.9374839629381
Autumn,133,4458.469344262295,3848.011739130434,-610.4576051318609
Autumn,134,4485.066393442623,3940.4595652173916,-544.6068282252313
Autumn,135,4555.147377049181,4085.909130434782,-469.23824661439903
Autumn,136,4732.072131147542,4406.971739130435,-325.10039201710697
Autumn,137,4988.268688524592,4904.3673913043485,-83.90129722024358
Autumn,138,5269.03213114754,5406.366956521741,137.3348253742006
Autumn,139,5253.394590163934,5445.104347826086,191.7097576621527
Autumn,140,5042.412786885245,5184.740434782608,142.32764789736302
Autumn,141,4809.049508196722,4939.438695652174,130.38918745545197
Autumn,142,4577.344426229505,4729.168695652174,151.8242694226692
Autumn,143,4465.148196721313,4544.536086956521,79.38789023520803
Autumn,144,4691.194516129032,4674.2699999999995,-16.92451612903278
Autumn,145,4284.839999999999,4344.261304347825,59.42130434782575
Autumn,146,3952.8280645161285,4033.160869565217,80.33280504908862
Autumn,147,3719.089032258064,3801.9482608695653,82.8592286115013
Autumn,148,3621.021269841271,3687.913043478261,66.89177363698991
Autumn,149,3612.513968253968,3686.8517391304345,74.3377708764665
Autumn,150,3720.36,3785.388695652172,65.02869565217179
Autumn,151,3925.107142857142,4016.6356521739135,91.5285093167713
Autumn,152,4078.702063492063,4165.477826086956,86.77576259489297
Autumn,153,4250.697460317459,4217.851739130434,-32.84572118702545
Autumn,154,4281.528412698413,4102.967391304348,-178.5610213940654
Autumn,155,4261.354920634923,3913.4313043478255,-347.92361628709705
Autumn,156,4237.275079365078,3837.4978260869566,-399.77725327812186
Autumn,157,4236.845396825397,3837.2960869565222,-399.54930986887484
Autumn,158,4286.943174603175,3911.496521739131,-375.44665286404415
Autumn,159,4390.2095238095235,4071.9004347826085,-318.309089026915
Autumn,160,4590.498571428571,4381.283478260869,-209.21509316770243
Autumn,161,4903.52285714286,4902.651739130436,-0.8711180124237217
Autumn,162,5250.73888888889,5464.741304347827,214.00241545893732
Autumn,163,5275.568888888888,5522.002173913043,246.43328502415534
Autumn,164,5071.767777777777,5248.834347826087,177.0665700483096
Autumn,165,4819.3822222222225,4966.396956521739,147.01473429951693
Autumn,166,4534.727142857144,4706.631739130435,171.90459627329074
Autumn,167,4361.934285714286,4469.444347826087,107.51006211180174
Winter,0,5122.677272727272,5015.330952380951,-107.34632034632068
Winter,1,4754.621666666667,4698.835238095238,-55.78642857142859
Winter,2,4401.325151515153,4398.416666666667,-2.908484848486296
Winter,3,4142.463939393941,4147.333333333333,4.869393939392467
Winter,4,4042.4843939393954,4054.767142857143,12.28274891774754
Winter,5,4115.678181818182,4120.886190476191,5.208008658009021
Winter,6,4566.586515151514,4517.887619047619,-48.698896103894185
Winter,7,5531.852272727274,5340.731904761905,-191.12036796536904
Winter,8,6197.046969696972,6028.820952380953,-168.22601731601935
Winter,9,6335.180151515151,6330.009047619048,-5.171103896102977
Winter,10,6200.683636363638,6052.99761904762,-147.68601731601757
Winter,11,5944.010909090909,5678.651428571428,-265.3594805194807
Winter,12,5791.296969696968,5444.308571428572,-346.98839826839594
Winter,13,5708.005909090908,5323.001428571429,-385.00448051947933
Winter,14,5744.481060606064,5310.4195238095235,-434.06153679654017
Winter,15,5751.347424242427,5387.363809523808,-363.9836147186188
Winter,16,5865.293030303029,5652.775238095238,-212.517792207791
Winter,17,6233.261969696968,6184.753809523811,-48.508160173157194
Winter,18,6779.616060606061,6885.2471428571425,105.63108225108135
Winter,19,6767.534242424245,6845.870952380953,78.33670995670764
Winter,20,6467.794242424242,6510.834761904762,43.04051948051983
Winter,21,6131.359393939391,6141.320952380954,9.961558441562374
Winter,22,5675.7342424242415,5714.504285714286,38.77004329004467
Winter,23,5241.2989393939415,5211.312857142858,-29.986082251083644
Winter,24,5397.851538461538,5240.653500000001,-157.19803846153718
Winter,25,4985.2403076923065,4892.279,-92.96130769230604
Winter,26,4622.734461538461,4558.041,-64.69346153846072
Winter,27,4353.569846153846,4301.3325,-52.237346153845465
Winter,28,4245.639538461538,4203.439,-42.20053846153769
Winter,29,4323.636615384616,4293.758,-29.87861538461584
Winter,30,4775.3066153846175,4715.206500000001,-60.1001153846164
Winter,31,5773.642153846154,5579.648999999999,-193.9931538461542
Winter,32,6423.048307692307,6288.930999999999,-134.1173076923087
Winter,33,6472.869538461538,6576.119500000001,103.24996153846314
Winter,34,6284.413230769231,6303.7835,19.370269230768827
Winter,35,6024.8184615384625,5919.137000000001,-105.68146153846192
Winter,36,5866.934923076921,5670.6965,-196.2384230769212
Winter,37,5778.911384615385,5581.249500000001,-197.66188461538422
Winter,38,5818.56523076923,5576.9,-241.66523076923022
Winter,39,5814.769384615385,5620.1535,-194.61588461538486
Winter,40,5931.523692307692,5854.26,-77.2636923076916
Winter,41,6284.822461538461,6374.9095,90.08703846153912
Winter,42,6835.442000000001,7001.044499999999,165.60249999999814
Winter,43,6820.876769230769,6894.635499999999,73.75873076923017
Winter,44,6529.0380000000005,6539.200000000001,10.162000000000262
Winter,45,6188.053846153845,6129.557499999998,-58.4963461538473
Winter,46,5740.467384615384,5696.982500000001,-43.484884615382725
Winter,47,5300.531999999999,5221.3875,-79.14449999999943
Winter,48,5447.422575757576,5270.6765,-176.74607575757636
Winter,49,5024.258333333332,4907.844999999999,-116.41333333333296
Winter,50,4662.520000000002,4576.9605,-85.55950000000212
Winter,51,4384.8772727272735,4306.2919999999995,-78.58527272727406
Winter,52,4283.963939393941,4212.634,-71.32993939394055
Winter,53,4361.400151515153,4265.072,-96.32815151515297
Winter,54,4802.227121212119,4666.818499999999,-135.40862121211921
Winter,55,5791.272272727273,5521.983,-269.2892727272729
Winter,56,6437.494242424242,6224.901,-212.5932424242419
Winter,57,6480.636969696971,6480.083999999999,-0.5529696969724682
Winter,58,6287.055303030304,6207.9655,-79.0898030303033
Winter,59,6026.924696969696,5825.8375,-201.08719696969638
Winter,60,5856.403181818183,5583.1585,-273.2446818181834
Winter,61,5750.553787878787,5446.273999999999,-304.27978787878783
Winter,62,5792.636666666666,5424.9355,-367.7011666666667
Winter,63,5785.171969696968,5462.377,-322.7949696969672
Winter,64,5897.805757575757,5696.814,-200.9917575757563
Winter,65,6244.587272727272,6217.153500000001,-27.43377272727048
Winter,66,6789.988181818181,6899.706499999998,109.71831818181727
Winter,67,6791.709696969699,6858.438499999999,66.7288030303007
Winter,68,6521.976969696971,6507.1415,-14.835469696970904
Winter,69,6205.712575757576,6144.528500000001,-61.18407575757465
Winter,70,5755.261818181816,5725.2635,-29.998318181816103
Winter,71,5314.043484848483,5263.2715,-50.771984848483044
Winter,72,5461.661818181816,5277.603499999998,-184.0583181818174
Winter,73,5044.130303030302,4931.7195,-112.4108030303014
Winter,74,4653.424848484847,4592.511,-60.91384848484631
Winter,75,4378.231515151514,4337.883,-40.34851515151422
Winter,76,4290.908333333334,4232.944,-57.96433333333334
Winter,77,4366.404393939394,4307.353499999999,-59.05089393939488
Winter,78,4805.463333333333,4705.6435,-99.81983333333301
Winter,79,5806.286212121213,5543.0925,-263.19371212121314
Winter,80,6443.573333333331,6245.771999999999,-197.80133333333197
Winter,81,6489.065909090908,6445.02,-44.04590909090712
Winter,82,6300.489393939392,6069.2585,-231.23089393939244
Winter,83,6046.4601515151535,5597.159500000001,-449.3006515151528
Winter,84,5881.737424242425,5320.295,-561.4424242424247
Winter,85,5769.939242424241,5231.473999999999,-538.4652424242413
Winter,86,5823.7653030303045,5267.464,-556.3013030303046
Winter,87,5829.127272727274,5326.678000000001,-502.44927272727364
Winter,88,5941.901818181816,5589.6669999999995,-352.234818181817
Winter,89,6266.9842424242415,6124.438,-142.54624242424143
Winter,90,6790.918181818183,6839.920999999999,49.00281818181611
Winter,91,6804.421969696969,6808.983,4.561030303030748
Winter,92,6538.295606060608,6508.1715,-30.124106060608028
Winter,93,6243.726666666668,6160.0215,-83.70516666666845
Winter,94,5773.154696969697,5756.474,-16.680696969697237
Winter,95,5331.609393939394,5298.079499999998,-33.52989393939606
Winter,96,5463.726363636364,5305.7615,-157.9648636363645
Winter,97,5020.612878787879,4940.8835,-79.72937878787889
Winter,98,4651.707121212121,4603.501,-48.206121212120706
Winter,99,4382.950909090908,4344.071499999998,-38.879409090909576
Winter,100,4280.359242424242,4245.508500000001,-34.850742424241616
Winter,101,4345.382424242423,4315.085,-30.297424242423403
Winter,102,4775.278636363634,4725.0835,-50.19513636363445
Winter,103,5725.849090909093,5558.541000000001,-167.30809090909224
Winter,104,6377.138787878787,6232.0435,-145.09528787878753
Winter,105,6454.678030303027,6497.969999999999,43.291969696972046
Winter,106,6271.339545454544,6233.1185000000005,-38.221045454543855
Winter,107,5991.554090909092,5858.880999999999,-132.67309090909293
Winter,108,5807.231515151513,5622.807499999999,-184.42401515151414
Winter,109,5686.147575757574,5447.1415,-239.00607575757385
Winter,110,5695.169545454546,5406.6765,-288.4930454545465
Winter,111,5667.54287878788,5423.7185,-243.82437878788005
Winter,112,5759.334999999998,5635.430499999999,-123.90449999999964
Winter,113,6080.168939393938,6147.696000000001,67.52706060606306
Winter,114,6574.082121212122,6777.209999999999,203.1278787878773
Winter,115,6553.963181818182,6770.316500000001,216.3533181818184
Winter,116,6302.0583333333325,6431.0985,129.04016666666757
Winter,117,6041.266060606061,6095.7519999999995,54.48593939393868
Winter,118,5677.882121212122,5759.0245,81.14237878787844
Winter,119,5366.484090909089,5357.048,-9.436090909089216
Winter,120,5519.316363636362,5368.584499999999,-150.7318636363634
Winter,121,5047.8353030303015,4952.559500000001,-95.27580303030027
Winter,122,4631.685303030302,4590.919,-40.76630303030197
Winter,123,4321.131212121211,4290.528,-30.603212121211072
Winter,124,4171.461363636364,4155.1625,-16.29886363636342
Winter,125,4158.455151515151,4130.092500000001,-28.36265151514999
Winter,126,4313.56606060606,4277.343500000001,-36.22256060605923
Winter,127,4703.002121212121,4622.095,-80.90712121212073
Winter,128,5042.367272727272,4983.128500000001,-59.23877272727168
Winter,129,5392.489393939394,5292.1055000000015,-100.38389393939269
Winter,130,5376.781818181819,5279.946,-96.83581818181938
Winter,131,5148.061060606061,5042.1435,-105.91756060606076
Winter,132,4970.432121212121,4853.178000000001,-117.25412121212048
Winter,133,4855.422878787879,4754.728999999999,-100.69387878787984
Winter,134,4857.72606060606,4787.1669999999995,-70.55906060606048
Winter,135,4877.619242424244,4870.4265,-7.192742424243988
Winter,136,5047.856212121213,5140.9265,93.07028787878698
Winter,137,5412.336969696968,5616.8635,204.5265303030328
Winter,138,5984.86409090909,6270.058999999999,285.1949090909093
Winter,139,5993.410151515151,6250.126,256.71584848484963
Winter,140,5740.514696969699,5930.247,189.7323030303014
Winter,141,5520.874545454546,5632.906000000001,112.03145454545484
Winter,142,5282.787272727276,5373.1810000000005,90.39372727272439
Winter,143,5092.846818181817,5058.1995,-34.647318181817354
Winter,144,5321.7904615384605,5140.809499999999,-180.9809615384611
Winter,145,4897.970153846154,4772.235,-125.73515384615439
Winter,146,4497.814615384614,4416.681,-81.13361538461413
Winter,147,4195.304307692309,4124.5095,-70.7948076923085
Winter,148,4048.341384615385,3982.6179999999986,-65.7233846153863
Winter,149,3999.8349230769236,3945.0534999999995,-54.78142307692406
Winter,150,4095.856923076923,4045.565,-50.29192307692301
Winter,151,4351.147692307692,4286.954,-64.19369230769189
Winter,152,4592.795384615384,4551.432000000001,-41.36338461538344
Winter,153,4930.684615384615,4845.651500000001,-85.03311538461458
Winter,154,4997.766615384614,4857.067999999999,-140.69861538461464
Winter,155,4866.640615384615,4675.694999999999,-190.94561538461585
Winter,156,4694.59523076923,4494.2315,-200.36373076922973
Winter,157,4612.6015384615375,4424.4105,-188.19103846153757
Winter,158,4638.391846153848,4480.537999999999,-157.8538461538492
Winter,159,4702.2495384615395,4617.476,-84.77353846153983
Winter,160,4945.4313846153855,4961.256500000001,15.825115384615856
Winter,161,5379.8469230769215,5536.574500000001,156.72757692307914
Winter,162,6020.288153846152,6289.5785,269.29034615384717
Winter,163,6102.129999999999,6294.457,192.32700000000114
Winter,164,5856.188461538461,5984.248,128.05953846153898
Winter,165,5606.000153846156,5681.108,75.10784615384455
Winter,166,5252.941384615385,5336.401999999999,83.46061538461436
Winter,167,4924.382615384617,4973.849,49.466384615383504
Spring,0,4587.690923076922,4414.258461538461,-173.4324615384612
Spring,1,4264.919538461539,4153.23,-111.68953846153909
Spring,2,3996.2289230769215,3903.230769230769,-92.99815384615249
Spring,3,3814.9044615384623,3743.613076923077,-71.29138461538514
Spring,4,3801.2940000000003,3734.3,-66.99400000000014
Spring,5,4040.3652307692314,3947.451538461538,-92.91369230769351
Spring,6,4612.699538461538,4457.223076923077,-155.47646153846108
Spring,7,5291.368,4987.903846153846,-303.46415384615466
Spring,8,5342.631384615388,4891.2276923076915,-451.4036923076965
Spring,9,5291.087076923077,4623.481538461539,-667.6055384615383
Spring,10,5172.03123076923,4388.58,-783.4512307692303
Spring,11,5098.259999999999,4238.068461538462,-860.1915384615377
Spring,12,5063.775846153848,4085.98076923077,-977.7950769230779
Spring,13,5060.482769230768,4000.384615384615,-1060.0981538461533
Spring,14,5132.179230769231,3959.0515384615383,-1173.127692307693
Spring,15,5167.271076923073,4060.69076923077,-1106.5803076923034
Spring,16,5342.936923076925,4413.336153846153,-929.6007692307721
Spring,17,5553.84169230769,4937.195384615386,-616.6463076923046
Spring,18,5650.922153846156,5297.75923076923,-353.16292307692584
Spring,19,5689.688,5407.299230769229,-282.3887692307708
Spring,20,5564.8341538461555,5268.546153846154,-296.2880000000014
Spring,21,5251.127230769232,4950.746153846155,-300.38107692307676
Spring,22,4845.333846153845,4623.640769230769,-221.69307692307575
Spring,23,4601.205999999997,4378.5623076923075,-222.6436923076899
Spring,24,4847.076923076923,4598.626153846153,-248.45076923076977
Spring,25,4479.22876923077,4316.136923076923,-163.09184615384675
Spring,26,4186.444461538464,4049.2669230769234,-137.17753846154028
Spring,27,3990.725692307692,3866.809230769231,-123.91646153846114
Spring,28,3969.5512307692297,3828.479230769231,-141.07199999999875
Spring,29,4191.67,3996.9707692307693,-194.69923076923078
Spring,30,4751.915230769231,4458.39076923077,-293.52446153846086
Spring,31,5429.133999999997,4943.382307692308,-485.75169230768915
Spring,32,5457.601846153846,4887.863846153846,-569.7380000000003
Spring,33,5380.065384615385,4701.284615384615,-678.7807692307697
Spring,34,5238.004615384615,4483.592307692308,-754.412307692307
Spring,35,5150.060000000001,4325.426923076923,-824.6330769230781
Spring,36,5092.8272307692305,4249.526923076924,-843.3003076923069
Spring,37,5068.630307692307,4222.922307692307,-845.7079999999996
Spring,38,5105.1673846153835,4259.455384615385,-845.7119999999986
Spring,39,5159.153076923077,4395.377692307693,-763.7753846153837
Spring,40,5333.038307692306,4714.16923076923,-618.8690769230761
Spring,41,5533.469538461539,5138.156923076924,-395.3126153846151
Spring,42,5652.491230769233,5507.494615384615,-144.99661538461805
Spring,43,5712.209384615385,5617.540769230769,-94.6686153846158
Spring,44,5592.6281538461535,5463.625384615385,-129.00276923076854
Spring,45,5280.956461538463,5140.53,-140.42646153846363
Spring,46,4868.5787692307695,4760.863076923078,-107.71569230769182
Spring,47,4623.040153846154,4520.004615384615,-103.03553846153864
Spring,48,4871.772153846153,4666.76,-205.01215384615261
Spring,49,4500.51676923077,4378.418461538462,-122.09830769230757
Spring,50,4218.403384615384,4113.03076923077,-105.37261538461462
Spring,51,4022.066923076924,3934.974615384616,-87.09230769230817
Spring,52,4012.114615384616,3897.814615384615,-114.30000000000109
Spring,53,4238.549692307692,4078.3546153846155,-160.19507692307616
Spring,54,4831.1744615384605,4543.8153846153855,-287.359076923075
Spring,55,5492.293076923077,5060.911538461538,-431.3815384615391
Spring,56,5494.961846153846,5081.197692307692,-413.76415384615393
Spring,57,5410.9133846153845,4957.956153846154,-452.9572307692306
Spring,58,5283.823692307694,4684.500769230769,-599.3229230769248
Spring,59,5196.893999999999,4498.959999999999,-697.9340000000002
Spring,60,5137.572769230771,4405.006153846155,-732.566615384616
Spring,61,5133.984000000002,4347.010769230768,-786.9732307692339
Spring,62,5183.151846153847,4403.001538461538,-780.1503076923091
Spring,63,5225.185846153847,4565.516153846153,-659.6696923076934
Spring,64,5384.39030769231,4850.994615384615,-533.3956923076948
Spring,65,5579.196615384614,5223.776153846154,-355.4204615384606
Spring,66,5665.301538461539,5527.431538461538,-137.8700000000008
Spring,67,5725.466461538462,5600.712307692307,-124.75415384615462
Spring,68,5609.569076923077,5404.575384615386,-204.99369230769116
Spring,69,5291.0247692307685,5052.914615384615,-238.11015384615348
Spring,70,4871.166307692307,4697.464615384616,-173.7016923076908
Spring,71,4622.537846153848,4457.126923076923,-165.41092307692452
Spring,72,4873.719538461539,4643.786153846153,-229.93338461538588
Spring,73,4488.48676923077,4330.033076923077,-158.45369230769302
Spring,74,4201.461076923076,4058.8346153846146,-142.62646153846117
Spring,75,3993.4975384615386,3864.881538461539,-128.61599999999953
Spring,76,3973.7436923076925,3828.7153846153838,-145.02830769230877
Spring,77,4221.333846153845,4026.2538461538466,-195.07999999999856
Spring,78,4803.508461538463,4489.58,-313.9284615384631
Spring,79,5480.572923076925,4952.78,-527.792923076925
Spring,80,5507.94507692308,4915.067692307692,-592.8773846153881
Spring,81,5424.302,4741.8099999999995,-682.4920000000002
Spring,82,5284.909076923077,4507.0199999999995,-777.8890769230775
Spring,83,5207.324307692308,4407.6053846153845,-799.7189230769236
Spring,84,5165.319076923078,4373.445384615385,-791.8736923076931
Spring,85,5170.174153846155,4373.036923076922,-797.1372307692327
Spring,86,5207.987692307694,4420.3099999999995,-787.6776923076941
Spring,87,5222.790769230768,4550.326923076923,-672.4638461538452
Spring,88,5363.972307692307,4815.013846153846,-548.958461538461
Spring,89,5540.93584615385,5183.279230769231,-357.6566153846197
Spring,90,5627.365230769229,5481.308461538461,-146.0567692307677
Spring,91,5681.082307692308,5560.85,-120.23230769230759
Spring,92,5603.564153846153,5394.993846153846,-208.57030769230732
Spring,93,5285.35123076923,5061.51,-223.8412307692297
Spring,94,4887.674923076922,4727.910769230769,-159.76415384615302
Spring,95,4651.59876923077,4477.829230769231,-173.769538461539
Spring,96,4884.700307692307,4653.013846153846,-231.68646153846112
Spring,97,4503.93923076923,4342.433076923077,-161.5061538461523
Spring,98,4201.124461538462,4070.9576923076916,-130.16676923077057
Spring,99,4007.7779999999993,3883.7200000000007,-124.05799999999863
Spring,100,3990.3450769230776,3860.9784615384615,-129.36661538461613
Spring,101,4203.284615384616,4036.623846153847,-166.6607692307689
Spring,102,4746.7298461538485,4450.6092307692315,-296.12061538461694
Spring,103,5389.040307692308,4928.74,-460.3003076923078
Spring,104,5405.524769230771,4888.133076923076,-517.3916923076949
Spring,105,5323.929846153847,4774.869230769232,-549.0606153846156
Spring,106,5198.529538461538,4514.083076923077,-684.4464615384613
Spring,107,5101.672153846154,4349.378461538462,-752.2936923076923
Spring,108,5028.9830769230775,4263.79076923077,-765.1923076923076
Spring,109,4974.663384615384,4274.346923076923,-700.3164615384603
Spring,110,4992.899076923078,4333.41076923077,-659.4883076923079
Spring,111,4998.225538461538,4467.214615384615,-531.0109230769231
Spring,112,5141.290615384615,4733.123076923077,-408.16753846153824
Spring,113,5311.897846153845,5127.113846153846,-184.78399999999965
Spring,114,5389.853230769231,5395.716153846153,5.862923076922016
Spring,115,5442.3867692307695,5488.197692307692,45.810923076922336
Spring,116,5364.44276923077,5336.588461538462,-27.854307692307884
Spring,117,5091.249846153845,5029.784615384615,-61.4652307692304
Spring,118,4772.27523076923,4726.89,-45.385230769229565
Spring,119,4570.614461538462,4501.013846153847,-69.60061538461468
Spring,120,4810.098923076924,4643.32076923077,-166.77815384615405
Spring,121,4414.416461538461,4304.289230769232,-110.12723076922885
Spring,122,4099.057846153845,4010.906923076923,-88.15092307692248
Spring,123,3873.728153846153,3802.443076923077,-71.28507692307585
Spring,124,3792.3833846153843,3729.8623076923077,-62.521076923076635
Spring,125,3863.6438461538464,3778.1376923076923,-85.50615384615412
Spring,126,4066.1355384615385,3923.7023076923074,-142.43323076923116
Spring,127,4386.706615384614,4134.656923076924,-252.04969230769075
Spring,128,4485.660461538462,4143.471538461538,-342.18892307692386
Spring,129,4538.228923076922,4114.0615384615385,-424.1673846153835
Spring,130,4460.579230769231,4027.956153846155,-432.62307692307604
Spring,131,4350.886769230768,3908.0376923076915,-442.84907692307615
Spring,132,4254.911230769232,3827.7500000000005,-427.1612307692317
Spring,133,4169.274307692309,3797.1638461538464,-372.11046153846246
Spring,134,4174.665692307692,3762.02,-412.64569230769166
Spring,135,4219.987230769231,3838.9276923076927,-381.0595384615385
Spring,136,4392.995846153847,4088.914615384615,-304.0812307692322
Spring,137,4626.4086153846165,4519.042307692308,-107.36630769230851
Spring,138,4831.860615384615,4922.143846153846,90.28323076923152
Spring,139,4962.296923076926,5094.647692307693,132.35076923076758
Spring,140,4910.7236923076925,4975.21846153846,64.49476923076782
Spring,141,4715.663076923078,4728.000769230769,12.337692307691214
Spring,142,4489.0929230769225,4524.813846153846,35.7209230769231
Spring,143,4380.563538461538,4352.273846153847,-28.28969230769053
Spring,144,4642.524307692306,4465.686153846154,-176.83815384615173
Spring,145,4278.589846153845,4168.949230769231,-109.64061538461465
Spring,146,3978.222923076923,3878.702307692308,-99.52061538461521
Spring,147,3746.4900000000016,3680.4053846153843,-66.08461538461734
Spring,148,3659.675692307692,3613.7169230769236,-45.95876923076821
Spring,149,3679.710153846154,3626.209230769231,-53.500923076922845
Spring,150,3779.569384615385,3726.8823076923077,-52.68707692307726
Spring,151,3993.4487692307684,3840.02,-153.42876923076847
Spring,152,4073.54123076923,3820.939999999999,-252.60123076923082
Spring,153,4156.561384615386,3763.686923076923,-392.8744615384626
Spring,154,4138.588,3658.5430769230775,-480.04492307692226
Spring,155,4090.594153846154,3537.136923076923,-553.457230769231
Spring,156,4047.123846153845,3385.665384615385,-661.4584615384601
Spring,157,4002.5498461538455,3272.197692307692,-730.3521538461537
Spring,158,4030.580307692308,3304.665384615385,-725.9149230769231
Spring,159,4130.326153846152,3556.556923076923,-573.7692307692291
Spring,160,4364.584307692308,3897.3846153846152,-467.1996923076931
Spring,161,4677.6641538461545,4406.962307692307,-270.7018461538473
Spring,162,4931.820000000001,4853.524615384616,-78.29538461538505
Spring,163,5081.195538461537,5039.923076923077,-41.27246153845954
Spring,164,5020.8186153846145,4949.516153846153,-71.3024615384611
Spring,165,4784.447538461539,4667.989230769231,-116.45830769230815
Spring,166,4469.698923076923,4384.482307692308,-85.21661538461558
Spring,167,4305.6132307692305,4206.403076923077,-99.21015384615384
